"industry_id","L1_code","L1_name","L2_code","L2_name","L3_code","L3_name","L4_code","L4_name","L5_code","L5_name","L6_code","L6_name"
"10000000","10000000","Mining and Logging","10900000","Mining and Logging","10990000","Mining and Logging","10999000","Mining and Logging","10999900","Mining and Logging","10999999","Mining and Logging"
"10113300","10000000","Mining and Logging","10900000","Mining and Logging","10110000","Logging","10119000","Logging","10113300","Logging","10113399","Logging"
"10210000","10000000","Mining and Logging","10900000","Mining and Logging","10210000","Mining, Quarrying, and Oil and Gas Extraction","10219000","Mining, Quarrying, and Oil and Gas Extraction","10219900","Mining, Quarrying, and Oil and Gas Extraction","10219999","Mining, Quarrying, and Oil and Gas Extraction"
"10211000","10000000","Mining and Logging","10900000","Mining and Logging","10210000","Mining, Quarrying, and Oil and Gas Extraction","10211000","Oil and Gas Extraction","10211900","Oil and Gas Extraction","10211999","Oil and Gas Extraction"
"10212000","10000000","Mining and Logging","10900000","Mining and Logging","10210000","Mining, Quarrying, and Oil and Gas Extraction","10212000","Mining (except Oil and Gas)","10212900","Mining (except Oil and Gas)","10212999","Mining (except Oil and Gas)"
"10212100","10000000","Mining and Logging","10900000","Mining and Logging","10210000","Mining, Quarrying, and Oil and Gas Extraction","10212000","Mining (except Oil and Gas)","10212100","Coal Mining","10212199","Coal Mining"
"10212200","10000000","Mining and Logging","10900000","Mining and Logging","10210000","Mining, Quarrying, and Oil and Gas Extraction","10212000","Mining (except Oil and Gas)","10212200","Metal Ore Mining","10212299","Metal Ore Mining"
"10213000","10000000","Mining and Logging","10900000","Mining and Logging","10210000","Mining, Quarrying, and Oil and Gas Extraction","10213000","Support Activities for Mining","10213900","Support Activities for Mining","10213999","Support Activities for Mining"
"10213111","10000000","Mining and Logging","10900000","Mining and Logging","10210000","Mining, Quarrying, and Oil and Gas Extraction","10213000","Support Activities for Mining","10213100","Drilling Oil and Gas Wells","10213111","Drilling Oil and Gas Wells"
"10213112","10000000","Mining and Logging","10900000","Mining and Logging","10210000","Mining, Quarrying, and Oil and Gas Extraction","10213000","Support Activities for Mining","10213100","Support Activities for Oil and Gas Operations","10213112","Support Activities for Oil and Gas Operations"
"20000000","20000000","Construction","20900000","Construction","20990000","Construction","20999000","Construction","20999900","Construction","20999999","Construction"
"20236000","20000000","Construction","20900000","Construction","20990000","Construction","20236000","Construction of Buildings","20236900","Construction of Buildings","20236999","Construction of Buildings"
"20236100","20000000","Construction","20900000","Construction","20990000","Construction","20236000","Construction of Buildings","20236100","Residential Building Construction","20236199","Residential Building Construction"
"20236200","20000000","Construction","20900000","Construction","20990000","Construction","20236000","Construction of Buildings","20236200","Nonresidential Building Construction","20236299","Nonresidential Building Construction"
"20237000","20000000","Construction","20900000","Construction","20990000","Construction","20237000","Heavy and Civil Engineering Construction","20237900","Heavy and Civil Engineering Construction","20237999","Heavy and Civil Engineering Construction"
"20237100","20000000","Construction","20900000","Construction","20990000","Construction","20237000","Heavy and Civil Engineering Construction","20237100","Utility System Construction","20237199","Utility System Construction"
"20237200","20000000","Construction","20900000","Construction","20990000","Construction","20237000","Heavy and Civil Engineering Construction","20237200","Land Subdivision","20237299","Land Subdivision"
"20237300","20000000","Construction","20900000","Construction","20990000","Construction","20237000","Heavy and Civil Engineering Construction","20237300","Highway, Street, and Bridge Construction","20237399","Highway, Street, and Bridge Construction"
"20237900","20000000","Construction","20900000","Construction","20990000","Construction","20237000","Heavy and Civil Engineering Construction","20237900","Other Heavy and Civil Engineering Construction","20237999","Other Heavy and Civil Engineering Construction"
"20238000","20000000","Construction","20900000","Construction","20990000","Construction","20238000","Specialty Trade Contractors","20238900","Specialty Trade Contractors","20238999","Specialty Trade Contractors"
"20238100","20000000","Construction","20900000","Construction","20990000","Construction","20238000","Specialty Trade Contractors","20238100","Foundation, Structure, and Building Exterior Contractors","20238199","Foundation, Structure, and Building Exterior Contractors"
"20238200","20000000","Construction","20900000","Construction","20990000","Construction","20238000","Specialty Trade Contractors","20238200","Building Equipment Contractors","20238299","Building Equipment Contractors"
"20238300","20000000","Construction","20900000","Construction","20990000","Construction","20238000","Specialty Trade Contractors","20238300","Building Finishing Contractors","20238399","Building Finishing Contractors"
"20238900","20000000","Construction","20900000","Construction","20990000","Construction","20238000","Specialty Trade Contractors","20238900","Other Specialty Trade Contractors","20238999","Other Specialty Trade Contractors"
"30000000","30000000","Manufacturing","30900000","Manufacturing","30990000","Manufacturing","30999000","Manufacturing","30999900","Manufacturing","30999999","Manufacturing"
"31000000","30000000","Manufacturing","31000000","Durable Goods","31990000","Durable Goods","31999000","Durable Goods","31999900","Durable Goods","31999999","Durable Goods"
"31321000","30000000","Manufacturing","31000000","Durable Goods","31990000","Durable Goods","31321000","Wood Product Manufacturing","31321900","Wood Product Manufacturing","31321999","Wood Product Manufacturing"
"31321100","30000000","Manufacturing","31000000","Durable Goods","31990000","Durable Goods","31321000","Wood Product Manufacturing","31321100","Sawmills and Wood Preservation","31321199","Sawmills and Wood Preservation"
"31321200","30000000","Manufacturing","31000000","Durable Goods","31990000","Durable Goods","31321000","Wood Product Manufacturing","31321200","Veneer, Plywood, and Engineered Wood Product Manufacturing","31321299","Veneer, Plywood, and Engineered Wood Product Manufacturing"
"31321900","30000000","Manufacturing","31000000","Durable Goods","31990000","Durable Goods","31321000","Wood Product Manufacturing","31321900","Other Wood Product Manufacturing","31321999","Other Wood Product Manufacturing"
"31327000","30000000","Manufacturing","31000000","Durable Goods","31990000","Durable Goods","31327000","Nonmetallic Mineral Product Manufacturing","31327900","Nonmetallic Mineral Product Manufacturing","31327999","Nonmetallic Mineral Product Manufacturing"
"31327300","30000000","Manufacturing","31000000","Durable Goods","31990000","Durable Goods","31327000","Nonmetallic Mineral Product Manufacturing","31327300","Cement and Concrete Product Manufacturing","31327399","Cement and Concrete Product Manufacturing"
"31331000","30000000","Manufacturing","31000000","Durable Goods","31990000","Durable Goods","31331000","Primary Metal Manufacturing","31331900","Primary Metal Manufacturing","31331999","Primary Metal Manufacturing"
"31331100","30000000","Manufacturing","31000000","Durable Goods","31990000","Durable Goods","31331000","Primary Metal Manufacturing","31331100","Iron and Steel Mills and Ferroalloy Manufacturing","31331199","Iron and Steel Mills and Ferroalloy Manufacturing"
"31331500","30000000","Manufacturing","31000000","Durable Goods","31990000","Durable Goods","31331000","Primary Metal Manufacturing","31331500","Foundries","31331599","Foundries"
"31332000","30000000","Manufacturing","31000000","Durable Goods","31990000","Durable Goods","31332000","Fabricated Metal Product Manufacturing","31332900","Fabricated Metal Product Manufacturing","31332999","Fabricated Metal Product Manufacturing"
"31332300","30000000","Manufacturing","31000000","Durable Goods","31990000","Durable Goods","31332000","Fabricated Metal Product Manufacturing","31332300","Architectural and Structural Metals Manufacturing","31332399","Architectural and Structural Metals Manufacturing"
"31332700","30000000","Manufacturing","31000000","Durable Goods","31990000","Durable Goods","31332000","Fabricated Metal Product Manufacturing","31332700","Machine Shops; Turned Product; and Screw, Nut, and Bolt Manufacturing","31332799","Machine Shops; Turned Product; and Screw, Nut, and Bolt Manufacturing"
"31332900","30000000","Manufacturing","31000000","Durable Goods","31990000","Durable Goods","31332000","Fabricated Metal Product Manufacturing","31332900","Other Fabricated Metal Product Manufacturing","31332999","Other Fabricated Metal Product Manufacturing"
"31333000","30000000","Manufacturing","31000000","Durable Goods","31990000","Durable Goods","31333000","Machinery Manufacturing","31333900","Machinery Manufacturing","31333999","Machinery Manufacturing"
"31333100","30000000","Manufacturing","31000000","Durable Goods","31990000","Durable Goods","31333000","Machinery Manufacturing","31333100","Agriculture, Construction, and Mining Machinery Manufacturing","31333199","Agriculture, Construction, and Mining Machinery Manufacturing"
"31333200","30000000","Manufacturing","31000000","Durable Goods","31990000","Durable Goods","31333000","Machinery Manufacturing","31333200","Industrial Machinery Manufacturing","31333299","Industrial Machinery Manufacturing"
"31333300","30000000","Manufacturing","31000000","Durable Goods","31990000","Durable Goods","31333000","Machinery Manufacturing","31333300","Commercial and Service Industry Machinery Manufacturing","31333399","Commercial and Service Industry Machinery Manufacturing"
"31333500","30000000","Manufacturing","31000000","Durable Goods","31990000","Durable Goods","31333000","Machinery Manufacturing","31333500","Metalworking Machinery Manufacturing","31333599","Metalworking Machinery Manufacturing"
"31333600","30000000","Manufacturing","31000000","Durable Goods","31990000","Durable Goods","31333000","Machinery Manufacturing","31333600","Engine, Turbine, and Power Transmission Equipment Manufacturing","31333699","Engine, Turbine, and Power Transmission Equipment Manufacturing"
"31333900","30000000","Manufacturing","31000000","Durable Goods","31990000","Durable Goods","31333000","Machinery Manufacturing","31333900","Other General Purpose Machinery Manufacturing","31333999","Other General Purpose Machinery Manufacturing"
"31334000","30000000","Manufacturing","31000000","Durable Goods","31990000","Durable Goods","31334000","Computer and Electronic Product Manufacturing","31334900","Computer and Electronic Product Manufacturing","31334999","Computer and Electronic Product Manufacturing"
"31334100","30000000","Manufacturing","31000000","Durable Goods","31990000","Durable Goods","31334000","Computer and Electronic Product Manufacturing","31334100","Computer and Peripheral Equipment Manufacturing","31334199","Computer and Peripheral Equipment Manufacturing"
"31334111","30000000","Manufacturing","31000000","Durable Goods","31990000","Durable Goods","31334000","Computer and Electronic Product Manufacturing","31334100","Electronic Computer Manufacturing","31334111","Electronic Computer Manufacturing"
"31334200","30000000","Manufacturing","31000000","Durable Goods","31990000","Durable Goods","31334000","Computer and Electronic Product Manufacturing","31334200","Communications Equipment Manufacturing","31334299","Communications Equipment Manufacturing"
"31334400","30000000","Manufacturing","31000000","Durable Goods","31990000","Durable Goods","31334000","Computer and Electronic Product Manufacturing","31334400","Semiconductor and Other Electronic Component Manufacturing","31334499","Semiconductor and Other Electronic Component Manufacturing"
"31334412","30000000","Manufacturing","31000000","Durable Goods","31990000","Durable Goods","31334000","Computer and Electronic Product Manufacturing","31334400","Bare Printed Circuit Board Manufacturing","31334412","Bare Printed Circuit Board Manufacturing"
"31334413","30000000","Manufacturing","31000000","Durable Goods","31990000","Durable Goods","31334000","Computer and Electronic Product Manufacturing","31334400","Semiconductor and Related Device Manufacturing","31334413","Semiconductor and Related Device Manufacturing"
"31334500","30000000","Manufacturing","31000000","Durable Goods","31990000","Durable Goods","31334000","Computer and Electronic Product Manufacturing","31334500","Navigational, Measuring, Electromedical, and Control Instruments Manufacturing","31334599","Navigational, Measuring, Electromedical, and Control Instruments Manufacturing"
"31335000","30000000","Manufacturing","31000000","Durable Goods","31990000","Durable Goods","31335000","Electrical Equipment, Appliance, and Component Manufacturing","31335900","Electrical Equipment, Appliance, and Component Manufacturing","31335999","Electrical Equipment, Appliance, and Component Manufacturing"
"31335200","30000000","Manufacturing","31000000","Durable Goods","31990000","Durable Goods","31335000","Electrical Equipment, Appliance, and Component Manufacturing","31335200","Household Appliance Manufacturing","31335299","Household Appliance Manufacturing"
"31335300","30000000","Manufacturing","31000000","Durable Goods","31990000","Durable Goods","31335000","Electrical Equipment, Appliance, and Component Manufacturing","31335300","Electrical Equipment Manufacturing","31335399","Electrical Equipment Manufacturing"
"31336000","30000000","Manufacturing","31000000","Durable Goods","31990000","Durable Goods","31336000","Transportation Equipment Manufacturing","31336900","Transportation Equipment Manufacturing","31336999","Transportation Equipment Manufacturing"
"31336100","30000000","Manufacturing","31000000","Durable Goods","31990000","Durable Goods","31336000","Transportation Equipment Manufacturing","31336100","Motor Vehicle Manufacturing","31336199","Motor Vehicle Manufacturing"
"31336200","30000000","Manufacturing","31000000","Durable Goods","31990000","Durable Goods","31336000","Transportation Equipment Manufacturing","31336200","Motor Vehicle Body and Trailer Manufacturing","31336299","Motor Vehicle Body and Trailer Manufacturing"
"31336300","30000000","Manufacturing","31000000","Durable Goods","31990000","Durable Goods","31336000","Transportation Equipment Manufacturing","31336300","Motor Vehicle Parts Manufacturing","31336399","Motor Vehicle Parts Manufacturing"
"31336400","30000000","Manufacturing","31000000","Durable Goods","31990000","Durable Goods","31336000","Transportation Equipment Manufacturing","31336400","Aerospace Product and Parts Manufacturing","31336499","Aerospace Product and Parts Manufacturing"
"31336600","30000000","Manufacturing","31000000","Durable Goods","31990000","Durable Goods","31336000","Transportation Equipment Manufacturing","31336600","Ship and Boat Building","31336699","Ship and Boat Building"
"31337000","30000000","Manufacturing","31000000","Durable Goods","31990000","Durable Goods","31337000","Furniture and Related Product Manufacturing","31337900","Furniture and Related Product Manufacturing","31337999","Furniture and Related Product Manufacturing"
"31337100","30000000","Manufacturing","31000000","Durable Goods","31990000","Durable Goods","31337000","Furniture and Related Product Manufacturing","31337100","Household and Institutional Furniture and Kitchen Cabinet Manufacturing","31337199","Household and Institutional Furniture and Kitchen Cabinet Manufacturing"
"31339000","30000000","Manufacturing","31000000","Durable Goods","31990000","Durable Goods","31339000","Miscellaneous durable goods manufacturing","31339900","Miscellaneous durable goods manufacturing","31339999","Miscellaneous durable goods manufacturing"
"31339100","30000000","Manufacturing","31000000","Durable Goods","31990000","Durable Goods","31339000","Miscellaneous durable goods manufacturing","31339100","Medical Equipment and Supplies Manufacturing","31339199","Medical Equipment and Supplies Manufacturing"
"31339900","30000000","Manufacturing","31000000","Durable Goods","31990000","Durable Goods","31339000","Miscellaneous durable goods manufacturing","31339900","Other Miscellaneous Manufacturing","31339999","Other Miscellaneous Manufacturing"
"31339910","30000000","Manufacturing","31000000","Durable Goods","31990000","Durable Goods","31339000","Miscellaneous durable goods manufacturing","31339900","Jewelry and Silverware Manufacturing","31339910","Jewelry and Silverware Manufacturing"
"32000000","30000000","Manufacturing","32000000","Non-Durable Goods","32990000","Non-Durable Goods","32999000","Non-Durable Goods","32999900","Non-Durable Goods","32999999","Non-Durable Goods"
"32311000","30000000","Manufacturing","32000000","Non-Durable Goods","32990000","Non-Durable Goods","32311000","Food Manufacturing","32311900","Food Manufacturing","32311999","Food Manufacturing"
"32311200","30000000","Manufacturing","32000000","Non-Durable Goods","32990000","Non-Durable Goods","32311000","Food Manufacturing","32311200","Grain and Oilseed Milling","32311299","Grain and Oilseed Milling"
"32311400","30000000","Manufacturing","32000000","Non-Durable Goods","32990000","Non-Durable Goods","32311000","Food Manufacturing","32311400","Fruit and Vegetable Preserving and Specialty Food Manufacturing","32311499","Fruit and Vegetable Preserving and Specialty Food Manufacturing"
"32311500","30000000","Manufacturing","32000000","Non-Durable Goods","32990000","Non-Durable Goods","32311000","Food Manufacturing","32311500","Dairy Product Manufacturing","32311599","Dairy Product Manufacturing"
"32311600","30000000","Manufacturing","32000000","Non-Durable Goods","32990000","Non-Durable Goods","32311000","Food Manufacturing","32311600","Animal Slaughtering and Processing","32311699","Animal Slaughtering and Processing"
"32311700","30000000","Manufacturing","32000000","Non-Durable Goods","32990000","Non-Durable Goods","32311000","Food Manufacturing","32311700","Seafood Product Preparation and Packaging","32311799","Seafood Product Preparation and Packaging"
"32311800","30000000","Manufacturing","32000000","Non-Durable Goods","32990000","Non-Durable Goods","32311000","Food Manufacturing","32311800","Bakeries and Tortilla Manufacturing","32311899","Bakeries and Tortilla Manufacturing"
"32311900","30000000","Manufacturing","32000000","Non-Durable Goods","32990000","Non-Durable Goods","32311000","Food Manufacturing","32311900","Other Food Manufacturing","32311999","Other Food Manufacturing"
"32312000","30000000","Manufacturing","32000000","Non-Durable Goods","32990000","Non-Durable Goods","32312000","Beverage and Tobacco Product Manufacturing","32312900","Beverage and Tobacco Product Manufacturing","32312999","Beverage and Tobacco Product Manufacturing"
"32312100","30000000","Manufacturing","32000000","Non-Durable Goods","32990000","Non-Durable Goods","32312000","Beverage and Tobacco Product Manufacturing","32312100","Beverage Manufacturing","32312199","Beverage Manufacturing"
"32312200","30000000","Manufacturing","32000000","Non-Durable Goods","32990000","Non-Durable Goods","32312000","Beverage and Tobacco Product Manufacturing","32312200","Tobacco Manufacturing","32312299","Tobacco Manufacturing"
"32313000","30000000","Manufacturing","32000000","Non-Durable Goods","32990000","Non-Durable Goods","32313000","Textile Mills","32313900","Textile Mills","32313999","Textile Mills"
"32313100","30000000","Manufacturing","32000000","Non-Durable Goods","32990000","Non-Durable Goods","32313000","Textile Mills","32313100","Fiber, Yarn, and Thread Mills","32313199","Fiber, Yarn, and Thread Mills"
"32313200","30000000","Manufacturing","32000000","Non-Durable Goods","32990000","Non-Durable Goods","32313000","Textile Mills","32313200","Fabric Mills","32313299","Fabric Mills"
"32313300","30000000","Manufacturing","32000000","Non-Durable Goods","32990000","Non-Durable Goods","32313000","Textile Mills","32313300","Textile and Fabric Finishing and Fabric Coating Mills","32313399","Textile and Fabric Finishing and Fabric Coating Mills"
"32314000","30000000","Manufacturing","32000000","Non-Durable Goods","32990000","Non-Durable Goods","32314000","Textile Product Mills","32314900","Textile Product Mills","32314999","Textile Product Mills"
"32314100","30000000","Manufacturing","32000000","Non-Durable Goods","32990000","Non-Durable Goods","32314000","Textile Product Mills","32314100","Textile Furnishings Mills","32314199","Textile Furnishings Mills"
"32315000","30000000","Manufacturing","32000000","Non-Durable Goods","32990000","Non-Durable Goods","32315000","Apparel Manufacturing","32315900","Apparel Manufacturing","32315999","Apparel Manufacturing"
"32315100","30000000","Manufacturing","32000000","Non-Durable Goods","32990000","Non-Durable Goods","32315000","Apparel Manufacturing","32315100","Apparel Knitting Mills","32315199","Apparel Knitting Mills"
"32315200","30000000","Manufacturing","32000000","Non-Durable Goods","32990000","Non-Durable Goods","32315000","Apparel Manufacturing","32315200","Cut and Sew Apparel Manufacturing","32315299","Cut and Sew Apparel Manufacturing"
"32322000","30000000","Manufacturing","32000000","Non-Durable Goods","32990000","Non-Durable Goods","32322000","Paper Manufacturing","32322900","Paper Manufacturing","32322999","Paper Manufacturing"
"32322100","30000000","Manufacturing","32000000","Non-Durable Goods","32990000","Non-Durable Goods","32322000","Paper Manufacturing","32322100","Pulp, Paper, and Paperboard Mills","32322199","Pulp, Paper, and Paperboard Mills"
"32322200","30000000","Manufacturing","32000000","Non-Durable Goods","32990000","Non-Durable Goods","32322000","Paper Manufacturing","32322200","Converted Paper Product Manufacturing","32322299","Converted Paper Product Manufacturing"
"32323000","30000000","Manufacturing","32000000","Non-Durable Goods","32990000","Non-Durable Goods","32323000","Printing and Related Support Activities","32323900","Printing and Related Support Activities","32323999","Printing and Related Support Activities"
"32324000","30000000","Manufacturing","32000000","Non-Durable Goods","32990000","Non-Durable Goods","32324000","Petroleum and Coal Products Manufacturing","32324900","Petroleum and Coal Products Manufacturing","32324999","Petroleum and Coal Products Manufacturing"
"32325000","30000000","Manufacturing","32000000","Non-Durable Goods","32990000","Non-Durable Goods","32325000","Chemical Manufacturing","32325900","Chemical Manufacturing","32325999","Chemical Manufacturing"
"32325100","30000000","Manufacturing","32000000","Non-Durable Goods","32990000","Non-Durable Goods","32325000","Chemical Manufacturing","32325100","Basic Chemical Manufacturing","32325199","Basic Chemical Manufacturing"
"32325400","30000000","Manufacturing","32000000","Non-Durable Goods","32990000","Non-Durable Goods","32325000","Chemical Manufacturing","32325400","Pharmaceutical and Medicine Manufacturing","32325499","Pharmaceutical and Medicine Manufacturing"
"32325600","30000000","Manufacturing","32000000","Non-Durable Goods","32990000","Non-Durable Goods","32325000","Chemical Manufacturing","32325600","Soap, Cleaning Compound, and Toilet Preparation Manufacturing","32325699","Soap, Cleaning Compound, and Toilet Preparation Manufacturing"
"32326000","30000000","Manufacturing","32000000","Non-Durable Goods","32990000","Non-Durable Goods","32326000","Plastics and Rubber Products Manufacturing","32326900","Plastics and Rubber Products Manufacturing","32326999","Plastics and Rubber Products Manufacturing"
"32326100","30000000","Manufacturing","32000000","Non-Durable Goods","32990000","Non-Durable Goods","32326000","Plastics and Rubber Products Manufacturing","32326100","Plastics Product Manufacturing","32326199","Plastics Product Manufacturing"
"32326200","30000000","Manufacturing","32000000","Non-Durable Goods","32990000","Non-Durable Goods","32326000","Plastics and Rubber Products Manufacturing","32326200","Rubber Product Manufacturing","32326299","Rubber Product Manufacturing"
"40000000","40000000","Trade, Transportation, and Utilities","40900000","Trade, Transportation, and Utilities","40990000","Trade, Transportation, and Utilities","40999000","Trade, Transportation, and Utilities","40999900","Trade, Transportation, and Utilities","40999999","Trade, Transportation, and Utilities"
"41000000","40000000","Trade, Transportation, and Utilities","41000000","Wholesale Trade","41990000","Wholesale Trade","41999000","Wholesale Trade","41999900","Wholesale Trade","41999999","Wholesale Trade"
"41423000","40000000","Trade, Transportation, and Utilities","41000000","Wholesale Trade","41990000","Wholesale Trade","41423000","Merchant Wholesalers, Durable Goods","41423900","Merchant Wholesalers, Durable Goods","41423999","Merchant Wholesalers, Durable Goods"
"41423100","40000000","Trade, Transportation, and Utilities","41000000","Wholesale Trade","41990000","Wholesale Trade","41423000","Merchant Wholesalers, Durable Goods","41423100","Motor Vehicle and Motor Vehicle Parts and Supplies Merchant Wholesalers","41423199","Motor Vehicle and Motor Vehicle Parts and Supplies Merchant Wholesalers"
"41423200","40000000","Trade, Transportation, and Utilities","41000000","Wholesale Trade","41990000","Wholesale Trade","41423000","Merchant Wholesalers, Durable Goods","41423200","Furniture and Home Furnishing Merchant Wholesalers","41423299","Furniture and Home Furnishing Merchant Wholesalers"
"41423300","40000000","Trade, Transportation, and Utilities","41000000","Wholesale Trade","41990000","Wholesale Trade","41423000","Merchant Wholesalers, Durable Goods","41423300","Lumber and Other Construction Materials Merchant Wholesalers","41423399","Lumber and Other Construction Materials Merchant Wholesalers"
"41423400","40000000","Trade, Transportation, and Utilities","41000000","Wholesale Trade","41990000","Wholesale Trade","41423000","Merchant Wholesalers, Durable Goods","41423400","Professional and Commercial Equipment and Supplies Merchant Wholesalers","41423499","Professional and Commercial Equipment and Supplies Merchant Wholesalers"
"41423600","40000000","Trade, Transportation, and Utilities","41000000","Wholesale Trade","41990000","Wholesale Trade","41423000","Merchant Wholesalers, Durable Goods","41423600","Household Appliances and Electrical and Electronic Goods Merchant Wholesalers","41423699","Household Appliances and Electrical and Electronic Goods Merchant Wholesalers"
"41423700","40000000","Trade, Transportation, and Utilities","41000000","Wholesale Trade","41990000","Wholesale Trade","41423000","Merchant Wholesalers, Durable Goods","41423700","Hardware, and Plumbing and Heating Equipment and Supplies Merchant Whole","41423799","Hardware, and Plumbing and Heating Equipment and Supplies Merchant Whole"
"41423800","40000000","Trade, Transportation, and Utilities","41000000","Wholesale Trade","41990000","Wholesale Trade","41423000","Merchant Wholesalers, Durable Goods","41423800","Machinery, Equipment, and Supplies Merchant Wholesalers","41423899","Machinery, Equipment, and Supplies Merchant Wholesalers"
"41423900","40000000","Trade, Transportation, and Utilities","41000000","Wholesale Trade","41990000","Wholesale Trade","41423000","Merchant Wholesalers, Durable Goods","41423900","Miscellaneous Durable Goods Merchant Wholesalers","41423999","Miscellaneous Durable Goods Merchant Wholesalers"
"41424000","40000000","Trade, Transportation, and Utilities","41000000","Wholesale Trade","41990000","Wholesale Trade","41424000","Merchant Wholesalers, Nondurable Goods","41424900","Merchant Wholesalers, Nondurable Goods","41424999","Merchant Wholesalers, Nondurable Goods"
"41424100","40000000","Trade, Transportation, and Utilities","41000000","Wholesale Trade","41990000","Wholesale Trade","41424000","Merchant Wholesalers, Nondurable Goods","41424100","Paper and Paper Product Merchant Wholesalers","41424199","Paper and Paper Product Merchant Wholesalers"
"41424300","40000000","Trade, Transportation, and Utilities","41000000","Wholesale Trade","41990000","Wholesale Trade","41424000","Merchant Wholesalers, Nondurable Goods","41424300","Apparel, Piece Goods, and Notions Merchant Wholesalers","41424399","Apparel, Piece Goods, and Notions Merchant Wholesalers"
"41424400","40000000","Trade, Transportation, and Utilities","41000000","Wholesale Trade","41990000","Wholesale Trade","41424000","Merchant Wholesalers, Nondurable Goods","41424400","Grocery and Related Product Merchant Wholesalers","41424499","Grocery and Related Product Merchant Wholesalers"
"41424600","40000000","Trade, Transportation, and Utilities","41000000","Wholesale Trade","41990000","Wholesale Trade","41424000","Merchant Wholesalers, Nondurable Goods","41424600","Chemical and Allied Products Merchant Wholesalers","41424699","Chemical and Allied Products Merchant Wholesalers"
"41424900","40000000","Trade, Transportation, and Utilities","41000000","Wholesale Trade","41990000","Wholesale Trade","41424000","Merchant Wholesalers, Nondurable Goods","41424900","Miscellaneous Nondurable Goods Merchant Wholesalers","41424999","Miscellaneous Nondurable Goods Merchant Wholesalers"
"41425000","40000000","Trade, Transportation, and Utilities","41000000","Wholesale Trade","41990000","Wholesale Trade","41425000","Wholesale Electronic Markets and Agents and Brokers","41425900","Wholesale Electronic Markets and Agents and Brokers","41425999","Wholesale Electronic Markets and Agents and Brokers"
"42000000","40000000","Trade, Transportation, and Utilities","42000000","Retail Trade","42990000","Retail Trade","42999000","Retail Trade","42999900","Retail Trade","42999999","Retail Trade"
"42441000","40000000","Trade, Transportation, and Utilities","42000000","Retail Trade","42990000","Retail Trade","42441000","Motor Vehicle and Parts Dealers","42441900","Motor Vehicle and Parts Dealers","42441999","Motor Vehicle and Parts Dealers"
"42441100","40000000","Trade, Transportation, and Utilities","42000000","Retail Trade","42990000","Retail Trade","42441000","Motor Vehicle and Parts Dealers","42441100","Automobile Dealers","42441199","Automobile Dealers"
"42441200","40000000","Trade, Transportation, and Utilities","42000000","Retail Trade","42990000","Retail Trade","42441000","Motor Vehicle and Parts Dealers","42441200","Other Motor Vehicle Dealers","42441299","Other Motor Vehicle Dealers"
"42441300","40000000","Trade, Transportation, and Utilities","42000000","Retail Trade","42990000","Retail Trade","42441000","Motor Vehicle and Parts Dealers","42441300","Automotive Parts, Accessories, and Tire Stores","42441399","Automotive Parts, Accessories, and Tire Stores"
"42442000","40000000","Trade, Transportation, and Utilities","42000000","Retail Trade","42990000","Retail Trade","42442000","Furniture and Home Furnishings Stores","42442900","Furniture and Home Furnishings Stores","42442999","Furniture and Home Furnishings Stores"
"42442100","40000000","Trade, Transportation, and Utilities","42000000","Retail Trade","42990000","Retail Trade","42442000","Furniture and Home Furnishings Stores","42442100","Furniture Stores","42442199","Furniture Stores"
"42442200","40000000","Trade, Transportation, and Utilities","42000000","Retail Trade","42990000","Retail Trade","42442000","Furniture and Home Furnishings Stores","42442200","Home Furnishings Stores","42442299","Home Furnishings Stores"
"42443000","40000000","Trade, Transportation, and Utilities","42000000","Retail Trade","42990000","Retail Trade","42443000","Electronics and Appliance Stores","42443900","Electronics and Appliance Stores","42443999","Electronics and Appliance Stores"
"42444000","40000000","Trade, Transportation, and Utilities","42000000","Retail Trade","42990000","Retail Trade","42444000","Building Material and Garden Equipment and Supplies Dealers","42444900","Building Material and Garden Equipment and Supplies Dealers","42444999","Building Material and Garden Equipment and Supplies Dealers"
"42444100","40000000","Trade, Transportation, and Utilities","42000000","Retail Trade","42990000","Retail Trade","42444000","Building Material and Garden Equipment and Supplies Dealers","42444100","Building Material and Supplies Dealers","42444199","Building Material and Supplies Dealers"
"42445000","40000000","Trade, Transportation, and Utilities","42000000","Retail Trade","42990000","Retail Trade","42445000","Food and Beverage Stores","42445900","Food and Beverage Stores","42445999","Food and Beverage Stores"
"42445100","40000000","Trade, Transportation, and Utilities","42000000","Retail Trade","42990000","Retail Trade","42445000","Food and Beverage Stores","42445100","Grocery Stores","42445199","Grocery Stores"
"42445200","40000000","Trade, Transportation, and Utilities","42000000","Retail Trade","42990000","Retail Trade","42445000","Food and Beverage Stores","42445200","Specialty Food Stores","42445299","Specialty Food Stores"
"42445300","40000000","Trade, Transportation, and Utilities","42000000","Retail Trade","42990000","Retail Trade","42445000","Food and Beverage Stores","42445300","Beer, Wine, and Liquor Stores","42445399","Beer, Wine, and Liquor Stores"
"42446000","40000000","Trade, Transportation, and Utilities","42000000","Retail Trade","42990000","Retail Trade","42446000","Health and Personal Care Stores","42446900","Health and Personal Care Stores","42446999","Health and Personal Care Stores"
"42447000","40000000","Trade, Transportation, and Utilities","42000000","Retail Trade","42990000","Retail Trade","42447000","Gasoline Stations","42447900","Gasoline Stations","42447999","Gasoline Stations"
"42448000","40000000","Trade, Transportation, and Utilities","42000000","Retail Trade","42990000","Retail Trade","42448000","Clothing and Clothing Accessories Stores","42448900","Clothing and Clothing Accessories Stores","42448999","Clothing and Clothing Accessories Stores"
"42448100","40000000","Trade, Transportation, and Utilities","42000000","Retail Trade","42990000","Retail Trade","42448000","Clothing and Clothing Accessories Stores","42448100","Clothing Stores","42448199","Clothing Stores"
"42448300","40000000","Trade, Transportation, and Utilities","42000000","Retail Trade","42990000","Retail Trade","42448000","Clothing and Clothing Accessories Stores","42448300","Jewelry, Luggage, and Leather Goods Stores","42448399","Jewelry, Luggage, and Leather Goods Stores"
"42451000","40000000","Trade, Transportation, and Utilities","42000000","Retail Trade","42990000","Retail Trade","42451000","Sporting Goods, Hobby, Musical Instrument, and Book Stores","42451900","Sporting Goods, Hobby, Musical Instrument, and Book Stores","42451999","Sporting Goods, Hobby, Musical Instrument, and Book Stores"
"42451100","40000000","Trade, Transportation, and Utilities","42000000","Retail Trade","42990000","Retail Trade","42451000","Sporting Goods, Hobby, Musical Instrument, and Book Stores","42451100","Sporting Goods, Hobby, and Musical Instrument Stores","42451199","Sporting Goods, Hobby, and Musical Instrument Stores"
"42451200","40000000","Trade, Transportation, and Utilities","42000000","Retail Trade","42990000","Retail Trade","42451000","Sporting Goods, Hobby, Musical Instrument, and Book Stores","42451200","Book Stores and News Dealers","42451299","Book Stores and News Dealers"
"42452000","40000000","Trade, Transportation, and Utilities","42000000","Retail Trade","42990000","Retail Trade","42452000","General Merchandise Stores","42452900","General Merchandise Stores","42452999","General Merchandise Stores"
"42452200","40000000","Trade, Transportation, and Utilities","42000000","Retail Trade","42990000","Retail Trade","42452000","General Merchandise Stores","42452200","Department Stores","42452299","Department Stores"
"42452300","40000000","Trade, Transportation, and Utilities","42000000","Retail Trade","42990000","Retail Trade","42452000","General Merchandise Stores","42452300","General Merchandise Stores, including Warehouse Clubs and Supercenters","42452399","General Merchandise Stores, including Warehouse Clubs and Supercenters"
"42453000","40000000","Trade, Transportation, and Utilities","42000000","Retail Trade","42990000","Retail Trade","42453000","Miscellaneous Store Retailers","42453900","Miscellaneous Store Retailers","42453999","Miscellaneous Store Retailers"
"42453200","40000000","Trade, Transportation, and Utilities","42000000","Retail Trade","42990000","Retail Trade","42453000","Miscellaneous Store Retailers","42453200","Office Supplies, Stationery, and Gift Stores","42453299","Office Supplies, Stationery, and Gift Stores"
"42453300","40000000","Trade, Transportation, and Utilities","42000000","Retail Trade","42990000","Retail Trade","42453000","Miscellaneous Store Retailers","42453300","Used Merchandise Stores","42453399","Used Merchandise Stores"
"42453900","40000000","Trade, Transportation, and Utilities","42000000","Retail Trade","42990000","Retail Trade","42453000","Miscellaneous Store Retailers","42453900","Other Miscellaneous Store Retailers","42453999","Other Miscellaneous Store Retailers"
"42454000","40000000","Trade, Transportation, and Utilities","42000000","Retail Trade","42990000","Retail Trade","42454000","Nonstore Retailers","42454900","Nonstore Retailers","42454999","Nonstore Retailers"
"42454100","40000000","Trade, Transportation, and Utilities","42000000","Retail Trade","42990000","Retail Trade","42454000","Nonstore Retailers","42454100","Electronic Shopping and Mail-Order Houses","42454199","Electronic Shopping and Mail-Order Houses"
"43000000","40000000","Trade, Transportation, and Utilities","43000000","Transportation, Warehousing, and Utilities","43990000","Transportation, Warehousing, and Utilities","43999000","Transportation, Warehousing, and Utilities","43999900","Transportation, Warehousing, and Utilities","43999999","Transportation, Warehousing, and Utilities"
"43220000","40000000","Trade, Transportation, and Utilities","43000000","Transportation, Warehousing, and Utilities","43220000","Utilities","43229000","Utilities","43229900","Utilities","43229999","Utilities"
"43221100","40000000","Trade, Transportation, and Utilities","43000000","Transportation, Warehousing, and Utilities","43220000","Utilities","42454000","Nonstore Retailers","43221100","Electric Power Generation, Transmission and Distribution","43221199","Electric Power Generation, Transmission and Distribution"
"43221200","40000000","Trade, Transportation, and Utilities","43000000","Transportation, Warehousing, and Utilities","43220000","Utilities","42454000","Nonstore Retailers","43221200","Natural Gas Distribution","43221299","Natural Gas Distribution"
"43400089","40000000","Trade, Transportation, and Utilities","43000000","Transportation, Warehousing, and Utilities","43220000","Utilities","42454000","Nonstore Retailers","43400000","Transportation and Warehousing","43400089","Transportation and Warehousing"
"43481000","40000000","Trade, Transportation, and Utilities","43000000","Transportation, Warehousing, and Utilities","43220000","Utilities","43481000","Air Transportation","43481900","Air Transportation","43481999","Air Transportation"
"43481100","40000000","Trade, Transportation, and Utilities","43000000","Transportation, Warehousing, and Utilities","43220000","Utilities","43481000","Air Transportation","43481100","Scheduled Air Transportation","43481199","Scheduled Air Transportation"
"43482000","40000000","Trade, Transportation, and Utilities","43000000","Transportation, Warehousing, and Utilities","43220000","Utilities","43482000","Rail Transportation","43482900","Rail Transportation","43482999","Rail Transportation"
"43483000","40000000","Trade, Transportation, and Utilities","43000000","Transportation, Warehousing, and Utilities","43220000","Utilities","43483000","Water Transportation","43483900","Water Transportation","43483999","Water Transportation"
"43484000","40000000","Trade, Transportation, and Utilities","43000000","Transportation, Warehousing, and Utilities","43220000","Utilities","43484000","Truck Transportation","43484900","Truck Transportation","43484999","Truck Transportation"
"43484100","40000000","Trade, Transportation, and Utilities","43000000","Transportation, Warehousing, and Utilities","43220000","Utilities","43484000","Truck Transportation","43484100","General Freight Trucking","43484199","General Freight Trucking"
"43484200","40000000","Trade, Transportation, and Utilities","43000000","Transportation, Warehousing, and Utilities","43220000","Utilities","43484000","Truck Transportation","43484200","Specialized Freight Trucking","43484299","Specialized Freight Trucking"
"43485000","40000000","Trade, Transportation, and Utilities","43000000","Transportation, Warehousing, and Utilities","43220000","Utilities","43485000","Transit and Ground Passenger Transportation","43485900","Transit and Ground Passenger Transportation","43485999","Transit and Ground Passenger Transportation"
"43485300","40000000","Trade, Transportation, and Utilities","43000000","Transportation, Warehousing, and Utilities","43220000","Utilities","43485000","Transit and Ground Passenger Transportation","43485300","Taxi and Limousine Service","43485399","Taxi and Limousine Service"
"43485400","40000000","Trade, Transportation, and Utilities","43000000","Transportation, Warehousing, and Utilities","43220000","Utilities","43485000","Transit and Ground Passenger Transportation","43485400","School and Employee Bus Transportation","43485499","School and Employee Bus Transportation"
"43486000","40000000","Trade, Transportation, and Utilities","43000000","Transportation, Warehousing, and Utilities","43220000","Utilities","43486000","Pipeline Transportation","43486900","Pipeline Transportation","43486999","Pipeline Transportation"
"43488000","40000000","Trade, Transportation, and Utilities","43000000","Transportation, Warehousing, and Utilities","43220000","Utilities","43488000","Support Activities for Transportation","43488900","Support Activities for Transportation","43488999","Support Activities for Transportation"
"43488300","40000000","Trade, Transportation, and Utilities","43000000","Transportation, Warehousing, and Utilities","43220000","Utilities","43488000","Support Activities for Transportation","43488300","Support Activities for Water Transportation","43488399","Support Activities for Water Transportation"
"43488400","40000000","Trade, Transportation, and Utilities","43000000","Transportation, Warehousing, and Utilities","43220000","Utilities","43488000","Support Activities for Transportation","43488400","Support Activities for Road Transportation","43488499","Support Activities for Road Transportation"
"43488500","40000000","Trade, Transportation, and Utilities","43000000","Transportation, Warehousing, and Utilities","43220000","Utilities","43488000","Support Activities for Transportation","43488500","Freight Transportation Arrangement","43488599","Freight Transportation Arrangement"
"43492000","40000000","Trade, Transportation, and Utilities","43000000","Transportation, Warehousing, and Utilities","43220000","Utilities","43492000","Couriers and Messengers","43492900","Couriers and Messengers","43492999","Couriers and Messengers"
"43493000","40000000","Trade, Transportation, and Utilities","43000000","Transportation, Warehousing, and Utilities","43220000","Utilities","43493000","Warehousing and Storage","43493900","Warehousing and Storage","43493999","Warehousing and Storage"
"50000000","50000000","Information","50900000","Information","50990000","Information","50999000","Information","50999900","Information","50999999","Information"
"50511000","50000000","Information","50900000","Information","50990000","Information","50511000","Publishing Industries (except Internet)","50511900","Publishing Industries (except Internet)","50511999","Publishing Industries (except Internet)"
"50511100","50000000","Information","50900000","Information","50990000","Information","50511000","Publishing Industries (except Internet)","50511100","Newspaper, Periodical, Book, and Directory Publishers","50511199","Newspaper, Periodical, Book, and Directory Publishers"
"50511200","50000000","Information","50900000","Information","50990000","Information","50511000","Publishing Industries (except Internet)","50511200","Software Publishers","50511299","Software Publishers"
"50512000","50000000","Information","50900000","Information","50990000","Information","50512000","Motion Picture and Sound Recording Industries","50512900","Motion Picture and Sound Recording Industries","50512999","Motion Picture and Sound Recording Industries"
"50512100","50000000","Information","50900000","Information","50990000","Information","50512000","Motion Picture and Sound Recording Industries","50512100","Motion Picture and Video Industries","50512199","Motion Picture and Video Industries"
"50512110","50000000","Information","50900000","Information","50990000","Information","50512000","Motion Picture and Sound Recording Industries","50512100","Motion Picture and Video Production","50512110","Motion Picture and Video Production"
"50515000","50000000","Information","50900000","Information","50990000","Information","50515000","Broadcasting (except Internet)","50515900","Broadcasting (except Internet)","50515999","Broadcasting (except Internet)"
"50515100","50000000","Information","50900000","Information","50990000","Information","50515000","Broadcasting (except Internet)","50515100","Radio and Television Broadcasting","50515199","Radio and Television Broadcasting"
"50515200","50000000","Information","50900000","Information","50990000","Information","50515000","Broadcasting (except Internet)","50515200","Cable and Other Subscription Programming","50515299","Cable and Other Subscription Programming"
"50517000","50000000","Information","50900000","Information","50990000","Information","50517000","Telecommunications","50517900","Telecommunications","50517999","Telecommunications"
"50517300","50000000","Information","50900000","Information","50990000","Information","50517000","Telecommunications","50517300","Wired and Wireless Telecommunications Carriers","50517399","Wired and Wireless Telecommunications Carriers"
"50517311","50000000","Information","50900000","Information","50990000","Information","50517000","Telecommunications","50517300","Wired Telecommunications Carriers","50517311","Wired Telecommunications Carriers"
"50518000","50000000","Information","50900000","Information","50990000","Information","50518000","Data Processing, Hosting, and Related Services","50518900","Data Processing, Hosting, and Related Services","50518999","Data Processing, Hosting, and Related Services"
"50519000","50000000","Information","50900000","Information","50990000","Information","50519000","Other Information Services","50519900","Other Information Services","50519999","Other Information Services"
"55000000","50000000","Information","55000000","Financial Activities","55990000","Financial Activities","55999000","Financial Activities","55999900","Financial Activities","55999999","Financial Activities"
"55520000","50000000","Information","55000000","Financial Activities","55520000","Finance and Insurance","55529000","Finance and Insurance","55529900","Finance and Insurance","55529999","Finance and Insurance"
"55522000","50000000","Information","55000000","Financial Activities","55520000","Finance and Insurance","55522000","Credit Intermediation and Related Activities including Monetary Authorities - Central Bank","55522900","Credit Intermediation and Related Activities including Monetary Authorities - Central Bank","55522999","Credit Intermediation and Related Activities including Monetary Authorities - Central Bank"
"55522100","50000000","Information","55000000","Financial Activities","55520000","Finance and Insurance","55522000","Credit Intermediation and Related Activities including Monetary Authorities - Central Bank","55522100","Depository Credit Intermediation including Monetary Authorities - Central Bank","55522199","Depository Credit Intermediation including Monetary Authorities - Central Bank"
"55522110","50000000","Information","55000000","Financial Activities","55520000","Finance and Insurance","55522000","Credit Intermediation and Related Activities including Monetary Authorities - Central Bank","55522100","Commercial Banking","55522110","Commercial Banking"
"55522200","50000000","Information","55000000","Financial Activities","55520000","Finance and Insurance","55522000","Credit Intermediation and Related Activities including Monetary Authorities - Central Bank","55522200","Nondepository Credit Intermediation","55522299","Nondepository Credit Intermediation"
"55522300","50000000","Information","55000000","Financial Activities","55520000","Finance and Insurance","55522000","Credit Intermediation and Related Activities including Monetary Authorities - Central Bank","55522300","Activities Related to Credit Intermediation","55522399","Activities Related to Credit Intermediation"
"55523000","50000000","Information","55000000","Financial Activities","55520000","Finance and Insurance","55523000","Financial Investments and Related Activities including Financial Vehicles","55523900","Financial Investments and Related Activities including Financial Vehicles","55523999","Financial Investments and Related Activities including Financial Vehicles"
"55523100","50000000","Information","55000000","Financial Activities","55520000","Finance and Insurance","55523000","Financial Investments and Related Activities including Financial Vehicles","55523100","Securities and Commodity Contracts Intermediation and Brokerage","55523199","Securities and Commodity Contracts Intermediation and Brokerage"
"55523110","50000000","Information","55000000","Financial Activities","55520000","Finance and Insurance","55523000","Financial Investments and Related Activities including Financial Vehicles","55523100","Investment Banking and Securities Dealing","55523110","Investment Banking and Securities Dealing"
"55523120","50000000","Information","55000000","Financial Activities","55520000","Finance and Insurance","55523000","Financial Investments and Related Activities including Financial Vehicles","55523100","Securities Brokerage","55523120","Securities Brokerage"
"55523900","50000000","Information","55000000","Financial Activities","55520000","Finance and Insurance","55523000","Financial Investments and Related Activities including Financial Vehicles","55523900","Other Financial Investment Activities including Financial Vehicles","55523999","Other Financial Investment Activities including Financial Vehicles"
"55524000","50000000","Information","55000000","Financial Activities","55520000","Finance and Insurance","55524000","Insurance Carriers and Related Activities","55524900","Insurance Carriers and Related Activities","55524999","Insurance Carriers and Related Activities"
"55524100","50000000","Information","55000000","Financial Activities","55520000","Finance and Insurance","55524000","Insurance Carriers and Related Activities","55524100","Insurance Carriers","55524199","Insurance Carriers"
"55524113","50000000","Information","55000000","Financial Activities","55520000","Finance and Insurance","55524000","Insurance Carriers and Related Activities","55524100","Direct Life Insurance Carriers","55524113","Direct Life Insurance Carriers"
"55524114","50000000","Information","55000000","Financial Activities","55520000","Finance and Insurance","55524000","Insurance Carriers and Related Activities","55524100","Direct Health and Medical Insurance Carriers","55524114","Direct Health and Medical Insurance Carriers"
"55524126","50000000","Information","55000000","Financial Activities","55520000","Finance and Insurance","55524000","Insurance Carriers and Related Activities","55524100","Direct Property and Casualty Insurance Carriers","55524126","Direct Property and Casualty Insurance Carriers"
"55524200","50000000","Information","55000000","Financial Activities","55520000","Finance and Insurance","55524000","Insurance Carriers and Related Activities","55524200","Agencies, Brokerages, and Other Insurance Related Activities","55524299","Agencies, Brokerages, and Other Insurance Related Activities"
"55530000","50000000","Information","55000000","Financial Activities","55530000","Real Estate and Rental and Leasing","55539000","Real Estate and Rental and Leasing","55539900","Real Estate and Rental and Leasing","55539999","Real Estate and Rental and Leasing"
"55531000","50000000","Information","55000000","Financial Activities","55530000","Real Estate and Rental and Leasing","55531000","Real Estate","55531900","Real Estate","55531999","Real Estate"
"55531100","50000000","Information","55000000","Financial Activities","55530000","Real Estate and Rental and Leasing","55531000","Real Estate","55531100","Lessors of Real Estate","55531199","Lessors of Real Estate"
"55531200","50000000","Information","55000000","Financial Activities","55530000","Real Estate and Rental and Leasing","55531000","Real Estate","55531200","Offices of Real Estate Agents and Brokers","55531299","Offices of Real Estate Agents and Brokers"
"55531300","50000000","Information","55000000","Financial Activities","55530000","Real Estate and Rental and Leasing","55531000","Real Estate","55531300","Activities Related to Real Estate","55531399","Activities Related to Real Estate"
"55532000","50000000","Information","55000000","Financial Activities","55530000","Real Estate and Rental and Leasing","55532000","Rental and Leasing Services","55532900","Rental and Leasing Services","55532999","Rental and Leasing Services"
"55532100","50000000","Information","55000000","Financial Activities","55530000","Real Estate and Rental and Leasing","55532000","Rental and Leasing Services","55532100","Automotive Equipment Rental and Leasing","55532199","Automotive Equipment Rental and Leasing"
"55532200","50000000","Information","55000000","Financial Activities","55530000","Real Estate and Rental and Leasing","55532000","Rental and Leasing Services","55532200","Consumer Goods Rental","55532299","Consumer Goods Rental"
"55532300","50000000","Information","55000000","Financial Activities","55530000","Real Estate and Rental and Leasing","55532000","Rental and Leasing Services","55532300","General Rental Centers","55532399","General Rental Centers"
"55532400","50000000","Information","55000000","Financial Activities","55530000","Real Estate and Rental and Leasing","55532000","Rental and Leasing Services","55532400","Commercial and Industrial Machinery and Equipment Rental and Leasing","55532499","Commercial and Industrial Machinery and Equipment Rental and Leasing"
"60000000","60000000","Professional and Business Services","60900000","Professional and Business Services","60990000","Professional and Business Services","60999000","Professional and Business Services","60999900","Professional and Business Services","60999999","Professional and Business Services"
"60540000","60000000","Professional and Business Services","60900000","Professional and Business Services","60540000","Professional, Scientific, and Technical Services","60549000","Professional, Scientific, and Technical Services","60549900","Professional, Scientific, and Technical Services","60549999","Professional, Scientific, and Technical Services"
"60541100","60000000","Professional and Business Services","60900000","Professional and Business Services","60540000","Professional, Scientific, and Technical Services","55532000","Rental and Leasing Services","60541100","Legal Services","60541199","Legal Services"
"60541200","60000000","Professional and Business Services","60900000","Professional and Business Services","60540000","Professional, Scientific, and Technical Services","55532000","Rental and Leasing Services","60541200","Accounting, Tax Preparation, Bookkeeping, and Payroll Services","60541299","Accounting, Tax Preparation, Bookkeeping, and Payroll Services"
"60541300","60000000","Professional and Business Services","60900000","Professional and Business Services","60540000","Professional, Scientific, and Technical Services","55532000","Rental and Leasing Services","60541300","Architectural, Engineering, and Related Services","60541399","Architectural, Engineering, and Related Services"
"60541400","60000000","Professional and Business Services","60900000","Professional and Business Services","60540000","Professional, Scientific, and Technical Services","55532000","Rental and Leasing Services","60541400","Specialized Design Services","60541499","Specialized Design Services"
"60541500","60000000","Professional and Business Services","60900000","Professional and Business Services","60540000","Professional, Scientific, and Technical Services","55532000","Rental and Leasing Services","60541500","Computer Systems Design and Related Services","60541599","Computer Systems Design and Related Services"
"60541600","60000000","Professional and Business Services","60900000","Professional and Business Services","60540000","Professional, Scientific, and Technical Services","55532000","Rental and Leasing Services","60541600","Management, Scientific, and Technical Consulting Services","60541699","Management, Scientific, and Technical Consulting Services"
"60541700","60000000","Professional and Business Services","60900000","Professional and Business Services","60540000","Professional, Scientific, and Technical Services","55532000","Rental and Leasing Services","60541700","Scientific Research and Development Services","60541799","Scientific Research and Development Services"
"60541800","60000000","Professional and Business Services","60900000","Professional and Business Services","60540000","Professional, Scientific, and Technical Services","55532000","Rental and Leasing Services","60541800","Advertising, Public Relations, and Related Services","60541899","Advertising, Public Relations, and Related Services"
"60541900","60000000","Professional and Business Services","60900000","Professional and Business Services","60540000","Professional, Scientific, and Technical Services","55532000","Rental and Leasing Services","60541900","Other Professional, Scientific, and Technical Services","60541999","Other Professional, Scientific, and Technical Services"
"60550000","60000000","Professional and Business Services","60900000","Professional and Business Services","60550000","Management of Companies and Enterprises","60559000","Management of Companies and Enterprises","60559900","Management of Companies and Enterprises","60559999","Management of Companies and Enterprises"
"60560000","60000000","Professional and Business Services","60900000","Professional and Business Services","60560000","Administrative and Support and Waste Management and Remediation Services","60569000","Administrative and Support and Waste Management and Remediation Services","60569900","Administrative and Support and Waste Management and Remediation Services","60569999","Administrative and Support and Waste Management and Remediation Services"
"60561000","60000000","Professional and Business Services","60900000","Professional and Business Services","60560000","Administrative and Support and Waste Management and Remediation Services","60561000","Administrative and Support Services","60561900","Administrative and Support Services","60561999","Administrative and Support Services"
"60561100","60000000","Professional and Business Services","60900000","Professional and Business Services","60560000","Administrative and Support and Waste Management and Remediation Services","60561000","Administrative and Support Services","60561100","Office Administrative Services","60561199","Office Administrative Services"
"60561200","60000000","Professional and Business Services","60900000","Professional and Business Services","60560000","Administrative and Support and Waste Management and Remediation Services","60561000","Administrative and Support Services","60561200","Facilities Support Services","60561299","Facilities Support Services"
"60561300","60000000","Professional and Business Services","60900000","Professional and Business Services","60560000","Administrative and Support and Waste Management and Remediation Services","60561000","Administrative and Support Services","60561300","Employment Services","60561399","Employment Services"
"60561320","60000000","Professional and Business Services","60900000","Professional and Business Services","60560000","Administrative and Support and Waste Management and Remediation Services","60561000","Administrative and Support Services","60561300","Temporary Help Services","60561320","Temporary Help Services"
"60561400","60000000","Professional and Business Services","60900000","Professional and Business Services","60560000","Administrative and Support and Waste Management and Remediation Services","60561000","Administrative and Support Services","60561400","Business Support Services","60561499","Business Support Services"
"60561420","60000000","Professional and Business Services","60900000","Professional and Business Services","60560000","Administrative and Support and Waste Management and Remediation Services","60561000","Administrative and Support Services","60561400","Telephone Call Centers","60561420","Telephone Call Centers"
"60561500","60000000","Professional and Business Services","60900000","Professional and Business Services","60560000","Administrative and Support and Waste Management and Remediation Services","60561000","Administrative and Support Services","60561500","Travel Arrangement and Reservation Services","60561599","Travel Arrangement and Reservation Services"
"60561600","60000000","Professional and Business Services","60900000","Professional and Business Services","60560000","Administrative and Support and Waste Management and Remediation Services","60561000","Administrative and Support Services","60561600","Investigation and Security Services","60561699","Investigation and Security Services"
"60561610","60000000","Professional and Business Services","60900000","Professional and Business Services","60560000","Administrative and Support and Waste Management and Remediation Services","60561000","Administrative and Support Services","60561600","Investigation, Guard, and Armored Car Services","60561610","Investigation, Guard, and Armored Car Services"
"60561700","60000000","Professional and Business Services","60900000","Professional and Business Services","60560000","Administrative and Support and Waste Management and Remediation Services","60561000","Administrative and Support Services","60561700","Services to Buildings and Dwellings","60561799","Services to Buildings and Dwellings"
"60561900","60000000","Professional and Business Services","60900000","Professional and Business Services","60560000","Administrative and Support and Waste Management and Remediation Services","60561000","Administrative and Support Services","60561900","Other Support Services","60561999","Other Support Services"
"60562000","60000000","Professional and Business Services","60900000","Professional and Business Services","60560000","Administrative and Support and Waste Management and Remediation Services","60562000","Waste Management and Remediation Services","60562900","Waste Management and Remediation Services","60562999","Waste Management and Remediation Services"
"65000000","60000000","Professional and Business Services","65000000","Education and Health Services","65990000","Education and Health Services","65999000","Education and Health Services","65999900","Education and Health Services","65999999","Education and Health Services"
"65610000","60000000","Professional and Business Services","65000000","Education and Health Services","65610000","Educational Services","65619000","Educational Services","65619900","Educational Services","65619999","Educational Services"
"65611100","60000000","Professional and Business Services","65000000","Education and Health Services","65610000","Educational Services","60562000","Waste Management and Remediation Services","65611100","Elementary and Secondary Schools","65611199","Elementary and Secondary Schools"
"65611200","60000000","Professional and Business Services","65000000","Education and Health Services","65610000","Educational Services","60562000","Waste Management and Remediation Services","65611200","Junior Colleges","65611299","Junior Colleges"
"65611300","60000000","Professional and Business Services","65000000","Education and Health Services","65610000","Educational Services","60562000","Waste Management and Remediation Services","65611300","Colleges, Universities, and Professional Schools","65611399","Colleges, Universities, and Professional Schools"
"65611600","60000000","Professional and Business Services","65000000","Education and Health Services","65610000","Educational Services","60562000","Waste Management and Remediation Services","65611600","Other Schools and Instruction","65611699","Other Schools and Instruction"
"65620000","60000000","Professional and Business Services","65000000","Education and Health Services","65620000","Health Care and Social Assistance","65629000","Health Care and Social Assistance","65629900","Health Care and Social Assistance","65629999","Health Care and Social Assistance"
"65621000","60000000","Professional and Business Services","65000000","Education and Health Services","65620000","Health Care and Social Assistance","65621000","Ambulatory Health Care Services","65621900","Ambulatory Health Care Services","65621999","Ambulatory Health Care Services"
"65621100","60000000","Professional and Business Services","65000000","Education and Health Services","65620000","Health Care and Social Assistance","65621000","Ambulatory Health Care Services","65621100","Offices of Physicians","65621199","Offices of Physicians"
"65621200","60000000","Professional and Business Services","65000000","Education and Health Services","65620000","Health Care and Social Assistance","65621000","Ambulatory Health Care Services","65621200","Offices of Dentists","65621299","Offices of Dentists"
"65621300","60000000","Professional and Business Services","65000000","Education and Health Services","65620000","Health Care and Social Assistance","65621000","Ambulatory Health Care Services","65621300","Offices of Other Health Practitioners","65621399","Offices of Other Health Practitioners"
"65621400","60000000","Professional and Business Services","65000000","Education and Health Services","65620000","Health Care and Social Assistance","65621000","Ambulatory Health Care Services","65621400","Outpatient Care Centers","65621499","Outpatient Care Centers"
"65621500","60000000","Professional and Business Services","65000000","Education and Health Services","65620000","Health Care and Social Assistance","65621000","Ambulatory Health Care Services","65621500","Medical and Diagnostic Laboratories","65621599","Medical and Diagnostic Laboratories"
"65621600","60000000","Professional and Business Services","65000000","Education and Health Services","65620000","Health Care and Social Assistance","65621000","Ambulatory Health Care Services","65621600","Home Health Care Services","65621699","Home Health Care Services"
"65621900","60000000","Professional and Business Services","65000000","Education and Health Services","65620000","Health Care and Social Assistance","65621000","Ambulatory Health Care Services","65621900","Other Ambulatory Health Care Services","65621999","Other Ambulatory Health Care Services"
"65622000","60000000","Professional and Business Services","65000000","Education and Health Services","65620000","Health Care and Social Assistance","65622000","Hospitals","65622900","Hospitals","65622999","Hospitals"
"65622100","60000000","Professional and Business Services","65000000","Education and Health Services","65620000","Health Care and Social Assistance","65622000","Hospitals","65622100","General Medical and Surgical Hospitals","65622199","General Medical and Surgical Hospitals"
"65622200","60000000","Professional and Business Services","65000000","Education and Health Services","65620000","Health Care and Social Assistance","65622000","Hospitals","65622200","Psychiatric and Substance Abuse Hospitals","65622299","Psychiatric and Substance Abuse Hospitals"
"65622300","60000000","Professional and Business Services","65000000","Education and Health Services","65620000","Health Care and Social Assistance","65622000","Hospitals","65622300","Specialty (except Psychiatric and Substance Abuse) Hospitals","65622399","Specialty (except Psychiatric and Substance Abuse) Hospitals"
"65623000","60000000","Professional and Business Services","65000000","Education and Health Services","65620000","Health Care and Social Assistance","65623000","Nursing and Residential Care Facilities","65623900","Nursing and Residential Care Facilities","65623999","Nursing and Residential Care Facilities"
"65623100","60000000","Professional and Business Services","65000000","Education and Health Services","65620000","Health Care and Social Assistance","65623000","Nursing and Residential Care Facilities","65623100","Nursing Care Facilities (Skilled Nursing Facilities)","65623199","Nursing Care Facilities (Skilled Nursing Facilities)"
"65623200","60000000","Professional and Business Services","65000000","Education and Health Services","65620000","Health Care and Social Assistance","65623000","Nursing and Residential Care Facilities","65623200","Residential Intellectual and Developmental Disability, Mental Health and Substance Abuse Facilities","65623299","Residential Intellectual and Developmental Disability, Mental Health and Substance Abuse Facilities"
"65623300","60000000","Professional and Business Services","65000000","Education and Health Services","65620000","Health Care and Social Assistance","65623000","Nursing and Residential Care Facilities","65623300","Continuing Care Retirement Communities and Assisted Living Facilities for the Elderly","65623399","Continuing Care Retirement Communities and Assisted Living Facilities for the Elderly"
"65623900","60000000","Professional and Business Services","65000000","Education and Health Services","65620000","Health Care and Social Assistance","65623000","Nursing and Residential Care Facilities","65623900","Other Residential Care Facilities","65623999","Other Residential Care Facilities"
"65624000","60000000","Professional and Business Services","65000000","Education and Health Services","65620000","Health Care and Social Assistance","65624000","Social Assistance","65624900","Social Assistance","65624999","Social Assistance"
"65624100","60000000","Professional and Business Services","65000000","Education and Health Services","65620000","Health Care and Social Assistance","65624000","Social Assistance","65624100","Individual and Family Services","65624199","Individual and Family Services"
"65624120","60000000","Professional and Business Services","65000000","Education and Health Services","65620000","Health Care and Social Assistance","65624000","Social Assistance","65624100","Services for the Elderly and Persons with Disabilities","65624120","Services for the Elderly and Persons with Disabilities"
"65624200","60000000","Professional and Business Services","65000000","Education and Health Services","65620000","Health Care and Social Assistance","65624000","Social Assistance","65624200","Community Food and Housing, and Emergency and Other Relief Services","65624299","Community Food and Housing, and Emergency and Other Relief Services"
"65624300","60000000","Professional and Business Services","65000000","Education and Health Services","65620000","Health Care and Social Assistance","65624000","Social Assistance","65624300","Vocational Rehabilitation Services","65624399","Vocational Rehabilitation Services"
"65624400","60000000","Professional and Business Services","65000000","Education and Health Services","65620000","Health Care and Social Assistance","65624000","Social Assistance","65624400","Child Day Care Services","65624499","Child Day Care Services"
"70000000","70000000","Leisure and Hospitality","70900000","Leisure and Hospitality","70990000","Leisure and Hospitality","70999000","Leisure and Hospitality","70999900","Leisure and Hospitality","70999999","Leisure and Hospitality"
"70710000","70000000","Leisure and Hospitality","70900000","Leisure and Hospitality","70710000","Arts, Entertainment, and Recreation","70719000","Arts, Entertainment, and Recreation","70719900","Arts, Entertainment, and Recreation","70719999","Arts, Entertainment, and Recreation"
"70711000","70000000","Leisure and Hospitality","70900000","Leisure and Hospitality","70710000","Arts, Entertainment, and Recreation","70711000","Performing Arts, Spectator Sports, and Related Industries","70711900","Performing Arts, Spectator Sports, and Related Industries","70711999","Performing Arts, Spectator Sports, and Related Industries"
"70711100","70000000","Leisure and Hospitality","70900000","Leisure and Hospitality","70710000","Arts, Entertainment, and Recreation","70711000","Performing Arts, Spectator Sports, and Related Industries","70711100","Performing Arts Companies","70711199","Performing Arts Companies"
"70711200","70000000","Leisure and Hospitality","70900000","Leisure and Hospitality","70710000","Arts, Entertainment, and Recreation","70711000","Performing Arts, Spectator Sports, and Related Industries","70711200","Spectator Sports","70711299","Spectator Sports"
"70711500","70000000","Leisure and Hospitality","70900000","Leisure and Hospitality","70710000","Arts, Entertainment, and Recreation","70711000","Performing Arts, Spectator Sports, and Related Industries","70711500","Independent Artists, Writers, and Performers","70711599","Independent Artists, Writers, and Performers"
"70712000","70000000","Leisure and Hospitality","70900000","Leisure and Hospitality","70710000","Arts, Entertainment, and Recreation","70712000","Museums, Historical Sites, and Similar Institutions","70712900","Museums, Historical Sites, and Similar Institutions","70712999","Museums, Historical Sites, and Similar Institutions"
"70713000","70000000","Leisure and Hospitality","70900000","Leisure and Hospitality","70710000","Arts, Entertainment, and Recreation","70713000","Amusement, Gambling, and Recreation Industries","70713900","Amusement, Gambling, and Recreation Industries","70713999","Amusement, Gambling, and Recreation Industries"
"70713100","70000000","Leisure and Hospitality","70900000","Leisure and Hospitality","70710000","Arts, Entertainment, and Recreation","70713000","Amusement, Gambling, and Recreation Industries","70713100","Amusement Parks and Arcades","70713199","Amusement Parks and Arcades"
"70713200","70000000","Leisure and Hospitality","70900000","Leisure and Hospitality","70710000","Arts, Entertainment, and Recreation","70713000","Amusement, Gambling, and Recreation Industries","70713200","Gambling Industries","70713299","Gambling Industries"
"70713900","70000000","Leisure and Hospitality","70900000","Leisure and Hospitality","70710000","Arts, Entertainment, and Recreation","70713000","Amusement, Gambling, and Recreation Industries","70713900","Other Amusement and Recreation Industries","70713999","Other Amusement and Recreation Industries"
"70713940","70000000","Leisure and Hospitality","70900000","Leisure and Hospitality","70710000","Arts, Entertainment, and Recreation","70713000","Amusement, Gambling, and Recreation Industries","70713900","Fitness and Recreational Sports Centers","70713940","Fitness and Recreational Sports Centers"
"70720000","70000000","Leisure and Hospitality","70900000","Leisure and Hospitality","70720000","Accommodation and Food Services","70729000","Accommodation and Food Services","70729900","Accommodation and Food Services","70729999","Accommodation and Food Services"
"70721000","70000000","Leisure and Hospitality","70900000","Leisure and Hospitality","70720000","Accommodation and Food Services","70721000","Accommodation","70721900","Accommodation","70721999","Accommodation"
"70721100","70000000","Leisure and Hospitality","70900000","Leisure and Hospitality","70720000","Accommodation and Food Services","70721000","Accommodation","70721100","Traveler Accommodation","70721199","Traveler Accommodation"
"70721110","70000000","Leisure and Hospitality","70900000","Leisure and Hospitality","70720000","Accommodation and Food Services","70721000","Accommodation","70721100","Hotels (except Casino Hotels) and Motels","70721110","Hotels (except Casino Hotels) and Motels"
"70721120","70000000","Leisure and Hospitality","70900000","Leisure and Hospitality","70720000","Accommodation and Food Services","70721000","Accommodation","70721100","Casino Hotels","70721120","Casino Hotels"
"70722000","70000000","Leisure and Hospitality","70900000","Leisure and Hospitality","70720000","Accommodation and Food Services","70722000","Food Services and Drinking Places","70722900","Food Services and Drinking Places","70722999","Food Services and Drinking Places"
"70722300","70000000","Leisure and Hospitality","70900000","Leisure and Hospitality","70720000","Accommodation and Food Services","70722000","Food Services and Drinking Places","70722300","Special Food Services","70722399","Special Food Services"
"70722400","70000000","Leisure and Hospitality","70900000","Leisure and Hospitality","70720000","Accommodation and Food Services","70722000","Food Services and Drinking Places","70722400","Drinking Places (Alcoholic Beverages)","70722499","Drinking Places (Alcoholic Beverages)"
"70722500","70000000","Leisure and Hospitality","70900000","Leisure and Hospitality","70720000","Accommodation and Food Services","70722000","Food Services and Drinking Places","70722500","Restaurants and Other Eating Places","70722599","Restaurants and Other Eating Places"
"70722511","70000000","Leisure and Hospitality","70900000","Leisure and Hospitality","70720000","Accommodation and Food Services","70722000","Food Services and Drinking Places","70722500","Full-Service Restaurants","70722511","Full-Service Restaurants"
"70722590","70000000","Leisure and Hospitality","70900000","Leisure and Hospitality","70720000","Accommodation and Food Services","70722000","Food Services and Drinking Places","70722500","Limited-Service Restaurants and Other Eating Places","70722590","Limited-Service Restaurants and Other Eating Places"
"80000000","80000000","Other Services","80900000","Other Services","80990000","Other Services","80999000","Other Services","80999900","Other Services","80999999","Other Services"
"80811000","80000000","Other Services","80900000","Other Services","80990000","Other Services","80811000","Repair and Maintenance","80811900","Repair and Maintenance","80811999","Repair and Maintenance"
"80811100","80000000","Other Services","80900000","Other Services","80990000","Other Services","80811000","Repair and Maintenance","80811100","Automotive Repair and Maintenance","80811199","Automotive Repair and Maintenance"
"80811300","80000000","Other Services","80900000","Other Services","80990000","Other Services","80811000","Repair and Maintenance","80811300","Commercial and Industrial Machinery and Equipment (except Automotive and Electronic) Repair and Maintenance","80811399","Commercial and Industrial Machinery and Equipment (except Automotive and Electronic) Repair and Maintenance"
"80811400","80000000","Other Services","80900000","Other Services","80990000","Other Services","80811000","Repair and Maintenance","80811400","Personal and Household Goods Repair and Maintenance","80811499","Personal and Household Goods Repair and Maintenance"
"80812000","80000000","Other Services","80900000","Other Services","80990000","Other Services","80812000","Personal and Laundry Services","80812900","Personal and Laundry Services","80812999","Personal and Laundry Services"
"80812100","80000000","Other Services","80900000","Other Services","80990000","Other Services","80812000","Personal and Laundry Services","80812100","Personal Care Services","80812199","Personal Care Services"
"80812300","80000000","Other Services","80900000","Other Services","80990000","Other Services","80812000","Personal and Laundry Services","80812300","Drycleaning and Laundry Services","80812399","Drycleaning and Laundry Services"
"80812900","80000000","Other Services","80900000","Other Services","80990000","Other Services","80812000","Personal and Laundry Services","80812900","Other Personal Services","80812999","Other Personal Services"
"80813000","80000000","Other Services","80900000","Other Services","80990000","Other Services","80813000","Religious, Grantmaking, Civic, Professional, and Similar Organizations","80813900","Religious, Grantmaking, Civic, Professional, and Similar Organizations","80813999","Religious, Grantmaking, Civic, Professional, and Similar Organizations"
"80813100","80000000","Other Services","80900000","Other Services","80990000","Other Services","80813000","Religious, Grantmaking, Civic, Professional, and Similar Organizations","80813100","Religious Organizations","80813199","Religious Organizations"
"80813200","80000000","Other Services","80900000","Other Services","80990000","Other Services","80813000","Religious, Grantmaking, Civic, Professional, and Similar Organizations","80813200","Grantmaking and Giving Services","80813299","Grantmaking and Giving Services"
"80813300","80000000","Other Services","80900000","Other Services","80990000","Other Services","80813000","Religious, Grantmaking, Civic, Professional, and Similar Organizations","80813300","Social Advocacy Organizations","80813399","Social Advocacy Organizations"
"80813400","80000000","Other Services","80900000","Other Services","80990000","Other Services","80813000","Religious, Grantmaking, Civic, Professional, and Similar Organizations","80813400","Civic and Social Organizations","80813499","Civic and Social Organizations"
"80813900","80000000","Other Services","80900000","Other Services","80990000","Other Services","80813000","Religious, Grantmaking, Civic, Professional, and Similar Organizations","80813900","Business, Professional, Labor, Political, and Similar Organizations","80813999","Business, Professional, Labor, Political, and Similar Organizations"
"90000000","90000000","Government","90900000","Government","90990000","Government","90999000","Government","90999900","Government","90999999","Government"
"90910000","90000000","Government","90900000","Government","90910000","Federal Government","90919000","Federal Government","90919900","Federal Government","90919999","Federal Government"
"90912811","90000000","Government","90900000","Government","90910000","Federal Government","80813000","Religious, Grantmaking, Civic, Professional, and Similar Organizations","90912800","National Security","90912811","National Security"
"90912991","90000000","Government","90900000","Government","90910000","Federal Government","80813000","Religious, Grantmaking, Civic, Professional, and Similar Organizations","90912900","Federal Government excluding Department of Defense","90912991","Federal Government excluding Department of Defense"
"90912993","90000000","Government","90900000","Government","90910000","Federal Government","80813000","Religious, Grantmaking, Civic, Professional, and Similar Organizations","90912900","Federal Government excluding Postal Service","90912993","Federal Government excluding Postal Service"
"90912994","90000000","Government","90900000","Government","90910000","Federal Government","80813000","Religious, Grantmaking, Civic, Professional, and Similar Organizations","90912900","Federal Government excluding Postal Service, Department of Defense, Ship Building, and Hospitals","90912994","Federal Government excluding Postal Service, Department of Defense, Ship Building, and Hospitals"
"90916220","90000000","Government","90900000","Government","90910000","Federal Government","80813000","Religious, Grantmaking, Civic, Professional, and Similar Organizations","90916200","Federal Government Hospitals","90916220","Federal Government Hospitals"
"90919110","90000000","Government","90900000","Government","90910000","Federal Government","80813000","Religious, Grantmaking, Civic, Professional, and Similar Organizations","90919100","Department of Defense","90919110","Department of Defense"
"90919118","90000000","Government","90900000","Government","90910000","Federal Government","80813000","Religious, Grantmaking, Civic, Professional, and Similar Organizations","90919100","Department of Defense, including Ship Building","90919118","Department of Defense, including Ship Building"
"90919119","90000000","Government","90900000","Government","90910000","Federal Government","80813000","Religious, Grantmaking, Civic, Professional, and Similar Organizations","90919100","Department of Defense, including Ship Building and Hospitals","90919119","Department of Defense, including Ship Building and Hospitals"
"90919120","90000000","Government","90900000","Government","90910000","Federal Government","80813000","Religious, Grantmaking, Civic, Professional, and Similar Organizations","90919100","U.S. Postal Service","90919120","U.S. Postal Service"
"90920000","90000000","Government","90900000","Government","90920000","State Government","90929000","State Government","90929900","State Government","90929999","State Government"
"90921611","90000000","Government","90900000","Government","90920000","State Government","80813000","Religious, Grantmaking, Civic, Professional, and Similar Organizations","90921600","State Government Educational Services","90921611","State Government Educational Services"
"90922000","90000000","Government","90900000","Government","90920000","State Government","90922000","State Government Excluding Education","90922900","State Government Excluding Education","90922999","State Government Excluding Education"
"90922622","90000000","Government","90900000","Government","90920000","State Government","90922000","State Government Excluding Education","90922600","State Government Hospitals","90922622","State Government Hospitals"
"90922991","90000000","Government","90900000","Government","90920000","State Government","90922000","State Government Excluding Education","90922900","State Government excluding Educational Services and Hospitals","90922991","State Government excluding Educational Services and Hospitals"
"90930000","90000000","Government","90900000","Government","90930000","Local Government","90939000","Local Government","90939900","Local Government","90939999","Local Government"
"90931150","90000000","Government","90900000","Government","90930000","Local Government","90922000","State Government Excluding Education","90931100","Indian Tribes","90931150","Indian Tribes"
"90931611","90000000","Government","90900000","Government","90930000","Local Government","90922000","State Government Excluding Education","90931600","Local Government Educational Services","90931611","Local Government Educational Services"
"90932000","90000000","Government","90900000","Government","90930000","Local Government","90932000","Local Government excluding Educational Services","90932900","Local Government excluding Educational Services","90932999","Local Government excluding Educational Services"
"90932480","90000000","Government","90900000","Government","90930000","Local Government","90932000","Local Government excluding Educational Services","90932400","Transportation","90932480","Transportation"
"90932622","90000000","Government","90900000","Government","90930000","Local Government","90932000","Local Government excluding Educational Services","90932600","Local Government Hospitals","90932622","Local Government Hospitals"
"90936111","90000000","Government","90900000","Government","90930000","Local Government","90932000","Local Government excluding Educational Services","90936100","Local Government Elementary and Secondary Education","90936111","Local Government Elementary and Secondary Education"
"90940000","90000000","Government","90900000","Government","90940000","Total State and Local Government","90949000","Total State and Local Government","90949900","Total State and Local Government","90949999","Total State and Local Government"
"90940001","90000000","Government","90900000","Government","90940000","Total State and Local Government","90932000","Local Government excluding Educational Services","90940000","District of Columbia Government","90940001","District of Columbia Government"
